system,startup
android,224
android,219
android,220
android,230
android,230
android,212
android,217
android,225
android,224
android,235
android,218
android,223
android,230
android,228
android,242
android,268
android,216
android,215
android,211
android,233
android,220
android,232
android,238
android,209
android,218
android,228
android,231
android,227
android,231
android,228
android,222
android,229
android,217
android,222
android,227
android,213
android,227
android,228
android,222
android,219
android,219
android,216
android,217
android,230
android,232
android,255
android,220
android,211
android,212
android,221
android,231
android,225
android,229
android,213
android,211
android,215
android,227
android,214
android,224
android,229
android,227
android,206
android,217
android,218
android,229
android,216
android,225
android,234
android,231
android,216
android,230
android,219
android,223
android,279
android,213
android,225
android,217
android,231
android,217
android,222
android,220
android,233
android,211
android,238
android,232
android,228
android,222
android,222
android,225
android,234
android,220
android,220
android,224
android,218
android,216
android,218
android,211
android,220
android,216
android,222
android,230
flutter,372
flutter,373
flutter,372
flutter,373
flutter,380
flutter,371
flutter,371
flutter,369
flutter,369
flutter,370
flutter,370
flutter,373
flutter,372
flutter,371
flutter,367
flutter,368
flutter,371
flutter,371
flutter,368
flutter,370
flutter,371
flutter,375
flutter,377
flutter,368
flutter,370
flutter,369
flutter,369
flutter,370
flutter,375
flutter,373
flutter,373
flutter,373
flutter,374
flutter,369
flutter,374
flutter,369
flutter,368
flutter,373
flutter,370
flutter,374
flutter,368
flutter,373
flutter,370
flutter,363
flutter,366
flutter,369
flutter,370
flutter,373
flutter,374
flutter,377
flutter,368
flutter,371
flutter,369
flutter,367
flutter,369
flutter,375
flutter,375
flutter,374
flutter,370
flutter,366
flutter,369
flutter,374
flutter,370
flutter,369
flutter,371
flutter,371
flutter,368
flutter,369
flutter,372
flutter,369
flutter,372
flutter,369
flutter,371
flutter,371
flutter,375
flutter,376
flutter,375
flutter,373
flutter,370
flutter,365
flutter,368
flutter,373
flutter,372
flutter,367
flutter,366
flutter,362
flutter,369
flutter,373
flutter,367
flutter,372
flutter,373
flutter,364
flutter,370
flutter,369
flutter,368
flutter,368
flutter,372
flutter,375
flutter,369
flutter,371
flutter,368
